{
	"SearchCriteria": [
		{
		"Template":"ZCU_BLOCK",
		"Description":"Block/Unblock Customer",
		"Block":"E",
		"BlockType":"MAT",
		"DataModel" : "BP"
		},{
		"Template":"ZCU_BLOCK",
		"Description":"Block/Unblock Customer",
		"Block":"E",
		"BlockType":"MAT",
		"DataModel" : "MM"
		},{
		"Template":"ZCU_BLOCK",
		"Description":"Block/Unblock Customer",
		"Block":"A",
		"BlockType":"MAT",
		"DataModel" : "BP"
		},{
		"Template":"ZCU_BLOCK",
		"Description":"Block/Unblock Customer",
		"Block":"A",
		"BlockType":"MAT",
		"DataModel" : "MM"
		},{
		"Template":"TEMPLATE",
		"Description":"Create Template",
		"Block":"A",
		"BlockType":"MAT",
		"DataModel" : "BP"
		},{
		"Template":"TEMPLATE",
		"Description":"Create Template",
		"Block":"A",
		"BlockType":"MAT",
		"DataModel" : "MM"
		},{
		"Template":"TEMPLATE",
		"Description":"Create Template",
		"Block":"B",
		"BlockType":"MAT",
		"DataModel" : "BP"
		},{
		"Template":"TEMPLATE",
		"Description":"Create Template",
		"Block":"B",
		"BlockType":"MAT",
		"DataModel" : "MM"
		},{		"Template":"TEMPLATE",
		"Description":"Create Template",
		"Block":"D",
		"BlockType":"MAT",
		"DataModel" : "BP"
		},{
		"Template":"TEMPLATE",
		"Description":"Create Template",
		"Block":"D",
		"BlockType":"MAT",
		"DataModel" : "MM"
		}
		
		]
}
		