{
	"accesssequence": [
		{
		"access":"1",
		"blocktype":"blocktest1",
		"description":"test1"
		},
		{
		"access":"2",
		"blocktype":"blocktest2",
		"description":"test2"
		},
		{
		"access":"3",
		"blocktype":"blocktest3",
		"description":"test3"
		}
		],
	"attributesequence": [
		{
		"access":"1",	
		"sequence":"11",
		"attribute":"test1",
		"description":"sample1"
		},
		{
		"access":"1",
		"sequence":"12",
		"attribute":"test2",
		"description":"sample2"
		},
		{
		"access":"2",
		"sequence":"13",
		"attribute":"test3",
		"description":"sample3"
		},
		{
		"access":"3",
		"sequence":"14",
		"attribute":"test4",
		"description":"sample4"
		}
		],
	"conditionalsequence": [
		{
		"access":"1",
		"alias":"test1",
		"sequence":"121"
		},
		{
		"access":"1",
		"alias":"test2",
		"sequence":"122"
		},
		{
		"access":"2",
		"alias":"test3",
		"sequence":"123"
		}
		],
		"attaccsequence": [
		{
		"access":"1",
		"attributesequence":"111",
		"attributename":"attsample1",
		"attributevalue":"attvalue1"
		},
		{
		"access":"1",
		"attributesequence":"112",
		"attributename":"attsample2",
		"attributevalue":"attvalue2"
		},
		{
		"access":"2",
		"attributesequence":"113",
		"attributename":"attsample3",
		"attributevalue":"attvalue3"
		}
		]
}
		