{
	"Template": [
		{
		"TemplName":"TEMPLATE",
		"Template Description" : "Create Template"
		},
		{
			"TemplName":"ZCU_BLOCK",
		"Template Description" : "Block/Unblock Customer"
		},
		{
			"TemplName":"ZCU_CHANGE",
		"Template Description" : "Change Customer"
		},
		{
			"TemplName":"ZCU_CREATE",
		"Template Description" : "Create Customer"
		},
		{
			"TemplName":"ZCU_MASS",
		"Template Description" : "Material Mass Customer"
		},
		{
			"TemplName":"ZMMRULE01",
		"Template Description" : "MM Rules 01"
		},
		{
			"TemplName":"ZMM_BLOCK",
		"Template Description" : "Block/Unblock Material"
		},
		{
			"TemplName":"ZMM_CHANGE",
		"Template Description" : "Change Material"
		},
		{
			"TemplName":"ZMM_CREATE",
		"Template Description" : "Create Material"
		},
		{
			"TemplName":"ZMM_CRE_01",
		"Template Description" : "MM Create 01"
		},
		{
			"TemplName":"ZMM_MASS",
		"Template Description" : "Material Mass Change"
		},
		{
			"TemplName":"ZSU_BLOCK",
		"Template Description" : "Block/Unblock Supplier"
		},
		{
			"TemplName":"ZSU_CHANGE",
		"Template Description" : "Change Supplier"
		},
		{
			"TemplName":"ZSU_CREATE",
		"Template Description" : "Create Supplier"
		},
		{
			"TemplName":"ZSU_MASS",
		"Template Description" : "Material Mass Supplier"
		},
		{
			"TemplName":"ZVNCREWF01",
		"Template Description" : "Create VN WF - No Appr"
		},
		{
			"TemplName":"ZVNCREWF02",
		"Template Description" : "Create  VN WF - 1 Step (US) - S"
		},
			{
			"TemplName":"ZVNCREWF03",
		"Template Description" : "Create  VN WF - 1 Step (Role) - S"
		},
		{
			"TemplName":"ZVNCREWF04",
		"Template Description" : "Create  VN WF - 1 Step (Org) - S"
		}
		
		]
}
		